State,Practice Name,Principal Dentist / Owner,City,Postcode,Phone,Email,Website,Source,Healthdirect Service ID
NSW,MLC Centre Dental Surgery,,Sydney,2000,02 9232 3866,,https://www.martinplacedentalhealth.com.au/,Healthdirect Service Finder,7f9ac708-ce91-cc3c-2d8e-114d99811381
NSW,Grave Warwick S,,Sydney,2000,02 9235 1817,,,Healthdirect Service Finder,2b66628f-ff25-7090-746b-2d312bee0577
NSW,Dentistry @ Castlereagh Street,,Sydney,2000,02 9221 2299,dentistry@castlereaghst.com.au,www.castlereaghst.com.au,Healthdirect Service Finder,8f8567be-6e4a-d483-395b-6339c61720c6
NSW,Spa Dental Sydney CBD,,Sydney,2000,0292218348,info@spadental.com.au,https://www.spadentalsydneycbd.com.au/,Healthdirect Service Finder,9197667d-c158-4da9-8f7d-1f1e0ed2d2d6
NSW,Today's Dental Solutions,,Sydney,2000,02 9223 6622,city@todaysdental.net.au,www.todaysdental.net.au,Healthdirect Service Finder,a3c42ea4-0378-02ff-bd54-49b269ad9ee8
NSW,CBD Dental Care,,Sydney,2000,02 9221 2403,info@cbddental.com.au,www.cbddentalcare.com.au,Healthdirect Service Finder,89504af8-6e4d-5aa7-2439-632cea9cee08
NSW,Sydney Holistic Dental Centre,,Sydney,2000,02 9221 5800,shdc@shdc.com.au,www.shdc.com.au,Healthdirect Service Finder,c6a669e5-94f4-66ba-b736-a1af75b9337f
NSW,Sydney Dental Aesthetics and Implants,,Sydney,2000,02 9233 3301,info@sdai.com.au,http://www.sdai.com.au/,Healthdirect Service Finder,6d2d5d43-f905-e837-7d4d-8bedf007ce7e
NSW,Martin Place Dental,,Sydney,2000,02 9232 8599,padental@bigpond.net.au,www.martinplacedental.com.au,Healthdirect Service Finder,d208e8ac-e23e-5d09-f585-35c97fef8094
NSW,Prudential Dental - Sydney,,Sydney,2000,02 9233 7515,prudentialdentist@gmail.com,http://www.prudentialdental.com.au/,Healthdirect Service Finder,c1bf4101-5c71-7a75-3e16-7a2da7e60033
NSW,Macquarie Street Dental Care,,Sydney,2000,02 9158 6273,macquariedental@gmail.com,http://www.macquarie-dental.com.au,Healthdirect Service Finder,91e096f3-9580-b047-ba07-8535b4353ec5
NSW,Sydney City Dentist,,Sydney,2000,02 9232 2814,,,Healthdirect Service Finder,fc3d0317-85bb-8d83-e57b-5db15cd632c4
NSW,Toothcare,,Sydney,2000,02 9241 2751,thedentist@toothcare.com.au,www.toothcare.com.au,Healthdirect Service Finder,fbd72af6-0f7e-88d4-db70-563d4c1689d3
NSW,Dentist Sydney - Macquarie Dental,,Sydney,2000,,,https://macquariedental.com.au/,Healthdirect Service Finder,3d36f458-d6d7-4a7e-b8e5-ef32400db069
NSW,Dr Greg Vandepeer,,Sydney,2000,02 9221 3300,drgvandepeer@bigpond.com,http://www.sydneycitydentists.com.au/,Healthdirect Service Finder,fcc77bf4-9af3-6710-084c-9bc47a5fd94b
NSW,Sublime Dental,,Sydney,2000,02 9299 6009,info@sublimedental.com.au,https://www.sublimedental.com.au,Healthdirect Service Finder,595803e0-433d-cd44-c9d9-dcac882b5f64
NSW,Dr Eric Klein Dental Surgery,,Sydney,2000,02 9299 4910,eric@citydentist.com.au,http://www.citydentist.com.au/,Healthdirect Service Finder,1e10b4dc-bd75-40e2-8e60-06b898eda6f5
NSW,City Dentist - George Street,,Sydney,2000,02 9299 1761,,https://citydentist.com.au/,Healthdirect Service Finder,e79a0ff0-0f20-42f0-8214-95c9188c1f7f
NSW,Anew Smile - Sydney,,Sydney,2000,1800 667 246,,https://www.anewsmile.com.au/location/sydney,Healthdirect Service Finder,55c7b6e8-eb87-486a-b24b-e13a284ab6c1
NSW,Dental Boutique Sydney,,Sydney,2000,1300 327 645,,https://dentalboutique.com.au/locations/sydney-dentists/,Healthdirect Service Finder,40e9a594-6ad3-4f6a-b7ed-c775b789a590
NSW,HCF Dental Centre,,Sydney,2000,02 9290 0555,,www.hcf.com.au,Healthdirect Service Finder,2dec2062-3a3f-dd94-23a2-3f57dfc263d2
NSW,Pitt Street Dental Centre,,Sydney,2000,02 9223 4767,info@pittstdentalcentre.com.au,http://www.pittstdentalcentre.com.au/,Healthdirect Service Finder,6716930b-0cdf-2322-c31c-3126a866251f
NSW,The Dentist at 70 Pitt Street,,Sydney,2000,02 9232 6367,info@thedentist.net.au,www.thedentist.net.au,Healthdirect Service Finder,fa1db937-f9e1-9ff9-8cca-37c30da9cb79
NSW,Sydney CBD Dentistry,,Sydney,2000,02 8090 1105,info@sydneycbddentistry.com.au,https://www.sydneycbddentistry.com.au,Healthdirect Service Finder,985a3055-d3f1-b967-245b-af1cfb62c945
NSW,Anokhi Dental,,Sydney,2000,02 9264 5195,info@anokhidental.com.au,https://www.anokhidental.com.au/,Healthdirect Service Finder,1e6ae5ae-cfd5-f8c0-3376-0d88e8195e6d
NSW,Dr Constantine Amditis,,Sydney,2000,,,www.drconstantineamditis.com.au/,Healthdirect Service Finder,1562a712-b501-4bb2-cec9-2638ca5c4c20
NSW,Gumdoctors,,Sydney,2000,02 9235 1507,,www.gumdoctors.com.au,Healthdirect Service Finder,afca96da-5d26-6fac-c2e5-4995b1e3a64c
NSW,Dr Steven Tracy & Assoc,,Sydney,2000,02 9232 3333,contact@dental-clinic.net,www.dental-clinic.net,Healthdirect Service Finder,52d404eb-ff5a-9a12-5e42-5c55cdeb5c78
NSW,Laser Dentist Sydney,,Sydney,2000,02 9221 1685,,,Healthdirect Service Finder,fb8931cd-cfc3-cad4-1b7a-a36a47777f9a
NSW,City Dental,,Sydney,2000,02 9299 6000,,www.citydental.com.au,Healthdirect Service Finder,5297e33c-17ba-3493-b295-854bc8d0c78a
NSW,Parramatta Dental Surgery,,Parramatta,2150,02 9689 2988,info@parramattadental.com.au,http://www.parramattadental.com.au/,Healthdirect Service Finder,dc7dc963-df85-9fd6-a579-70d6ec7791a5
NSW,Pacific Smiles Dental - Parramatta,,Parramatta,2150,131317,Parramatta@pacificsmiles.com.au,https://pacificsmilesdental.com.au/locations/parramatta/,Healthdirect Service Finder,a3be1b2e-945f-4f02-b1f7-45d61ce38947
NSW,Teachers Health Centre - Parramatta,,Parramatta,2150,02 9407 2626,parramattadentalcentre@teachershealth.com.au,https://www.teachershealth.com.au/,Healthdirect Service Finder,e93a5411-c8d0-10cf-e35d-9bfea385d04e
NSW,Parramatta Dental Studio,,Parramatta,2150,02 9633 9835,parradentalstudio@bigpond.com,http://www.parradental.com.au/,Healthdirect Service Finder,d461d07c-d670-cc75-a4fb-3b2405a50269
NSW,George St Dental Care,,Parramatta,2150,02 9635 9525,anupa51@hotmail.com,,Healthdirect Service Finder,33b87ad9-9959-7dab-5990-a5f5b65841d7
NSW,Dr Eddie Wong Dental,,Parramatta,2150,02 9687 2022,,,Healthdirect Service Finder,303d401f-872d-78cb-312a-e7bd8e6c976a
NSW,New Smile Dental Clinic,,Parramatta,2150,02 9635 3432,newsmile75@hotmail.com,,Healthdirect Service Finder,e331d00c-55b9-d232-d68f-94f1a547fd44
NSW,Parramatta Dental Avenue,,Parramatta,2150,1300 315 540,info@dentalavenue.com.au,https://parramattadentalavenue.com.au/,Healthdirect Service Finder,463b8977-4348-43c2-9955-4155d86b8af0
NSW,Spadental Parramatta,,Parramatta,2150,0298828998,parramatta@spadental.com.au,https://www.spadentistparramatta.com.au/,Healthdirect Service Finder,8a1e198f-4cea-45ee-b825-eba6ca470c53
NSW,Bupa Dental - Parramatta,,Parramatta,2150,02 9891 5353,parramatta@bupadental.com.au,bupadental.com.au,Healthdirect Service Finder,48306b84-67d1-8362-9cd5-c4b7af828376
NSW,Bob Song Denture Clinic,,Parramatta,2150,02 9687 6268,,https://www.bobsongdentureclinic.com/,Healthdirect Service Finder,dc7f3dfc-9c23-777d-3d13-35342a3a7f19
NSW,Parramatta Medical and Dental Centre,,Parramatta,2150,0283209300,reception@parramattamedical.com.au,https://www.parramattamedical.com.au/,Healthdirect Service Finder,64fa7bad-7db2-4b59-9572-5f79536f95c2
NSW,Dr Mai Dental Implant Center,,Parramatta,2150,02 9636 2934,Drmaiparramatta@gmail.com,Https://www.drmaidental.com.au,Healthdirect Service Finder,1c764802-c2b8-4c53-b005-392deeac68a9
NSW,VY Wong Dental Practice,,Parramatta,2150,02 9891 5580,info@vywongdental.com.au,http://www.vywongdental.com.au/aboutus.html,Healthdirect Service Finder,d1af6252-8ac0-0874-a86a-c7c6b198f2c1
NSW,Kaibo Dental Surgery,,Parramatta,2150,02 9689 2882,,http://www.kaibodental.com/,Healthdirect Service Finder,3cd3ac4f-13d6-75e8-0852-0a3b3c68074d
NSW,Chew Dental Care - Parramatta,,Parramatta,2150,02 9891 6668,,https://www.chewdentalcare.com.au/,Healthdirect Service Finder,a5298de6-be65-aa08-3145-79d44d2d32fc
NSW,Argyle Street Family Dentist,,Parramatta,2150,02 9687 0070,admin@argyledentist.com.au,http://www.argylestreetfamilydentist.com.au/,Healthdirect Service Finder,604972c4-7de7-ee03-2889-16a283dde727
NSW,Parramatta Dental Clinic,,Parramatta,2150,02 8677 0155,info@parramattadental.net,http://www.parramattadental.net,Healthdirect Service Finder,e91eb52f-1c79-cc21-d8fb-b61d903eb901
NSW,United Smiles Dental,,Parramatta,2150,02 8840 9826,,,Healthdirect Service Finder,74acb031-1b99-34ff-8106-15ed51c2edb4
NSW,HCF Dental Centre Parramatta,,Parramatta,2150,02 9685 1255,,www.hcf.com.au,Healthdirect Service Finder,d41120bf-6235-bd69-ea1b-c70b7800443a
NSW,Affordable Dental Parramatta,,Parramatta,2150,02 7252 9622,parramatta@affordabledental.com.au,https://affordabledental.com.au/parramatta/,Healthdirect Service Finder,5510822f-996a-44d5-bd95-aa9627fca0ca
NSW,Cure Dental,,Parramatta,2150,0296356888,info@curedental.com.au,https://www.curedental.com.au/,Healthdirect Service Finder,8ffc37bd-7985-4560-a26a-03dff9ac47a0
NSW,Eva Chan & Caine Mui,,Parramatta,2150,02 9635 3327,,,Healthdirect Service Finder,a9b2d1e2-624e-e5e8-d381-6ed2d93e9713
NSW,Dr A Punnia-Moorthy,,Parramatta,2150,02 9891 3377,,,Healthdirect Service Finder,d1cde6aa-0b55-f760-69c5-deef6902d9a1
NSW,Parramatta Dentistry,,Parramatta,2150,02 8090 1109,info@parramattadentist.sydney,https://www.parramattadentist.sydney,Healthdirect Service Finder,9dd62e2f-643c-7b2c-c0c2-15f257653966
NSW,Gentle Endodontics Parramatta,,Parramatta,2150,02 9891 1610,contact@gentleendodontics.com.au,www.gentleendodontics.com.au,Healthdirect Service Finder,a4665a2a-62d5-a7b5-54ee-c07b3713da24
NSW,Essential Dental Care,,North Parramatta,2151,02 9630 1073,info@essentialdentalcare.com.au,https://www.essentialdentalcare.com.au,Healthdirect Service Finder,ec50f252-f063-1a68-d9b5-7279141868ba
NSW,Albion Street Dental,,Harris Park,2150,02 9633 4434,info@albionstreetdental.com,https://www.albionstreetdental.com/general,Healthdirect Service Finder,cbb7a113-ebac-7f37-8b4f-f85505696c8c
NSW,My Smile Doctors,,Parramatta,2150,0280469975,mysmiledoctors3@gmail.com,https://www.mysmiledoctors.com.au/,Healthdirect Service Finder,a9fdcefb-bf24-4588-a90e-61fbba55707d
NSW,Sydney Oral Design,,Harris Park,2150,02 9891 4099,thelab@sydneyoraldesign.com.au,www.sydneyoraldesign.com.au,Healthdirect Service Finder,bb16a9e4-ee77-e501-d87d-8e798e23e1fc
NSW,Pacific Smiles Dental - Penrith,,Penrith,2750,02 4721 8900,Penrith@pacificsmiles.com.au,https://pacificsmilesdental.com.au/locations/penrith/,Healthdirect Service Finder,710e46df-0d5f-80fa-c35f-490713f871f7
NSW,Anthony D Boyden & Associates,,Penrith,2750,02 4721 4652,,,Healthdirect Service Finder,02b62b36-a066-eaa9-635c-9c221fea8836
NSW,The Hall Family Denture Clinic,,Penrith,2750,02 4732 1766,info@hallfamilydentureclinic.com.au,http://hallfamilydentureclinic.com.au/,Healthdirect Service Finder,570e22f6-7309-a48e-f64c-6bf21131ba96
NSW,Smiles On High Dental,,Penrith,2750,02 4732 3399,smilesonhigh1@yahoo.com,www.smilesonhigh.com.au,Healthdirect Service Finder,b4e2c151-a0fe-3157-6be3-e8458e6c1b15
NSW,High Street Dental,,Penrith,2750,0247212008,highstreetdentalpenrith9@gmail.com,https://highstreetdentalpenrith.com.au,Healthdirect Service Finder,e290cdad-86f8-4f43-7b7a-dcd11abb963a
NSW,High Street Dental,,Penrith,2750,02 4721 2008,,www.highstreetdentalpenrith.com.au,Healthdirect Service Finder,1709e320-d6a5-a0c7-85f2-99fb22f397ca
NSW,Penrith Dental Clinic,,Penrith,2750,02 4721 7771,info@penrithdentalclinic.com.au,www.penrithdentalclinic.com.au,Healthdirect Service Finder,f378f135-20ef-0047-6fac-1aac17a6e49f
NSW,Tindale Dental Surgery,,Penrith,2750,02 4726 5400,info@tindaledental.com.au,www.tindaledental.com.au,Healthdirect Service Finder,bbf36dd0-ed40-3f4f-ae33-2f094acf3676
NSW,Specialist Dental Practice Penrith,,Penrith,2750,02 4721 2888,drs@specialistdental.com.au,www.specialistdental.com.au,Healthdirect Service Finder,45bb9c1f-dc25-ee22-ed59-25a8a0789aea
NSW,Dr Joe Perri And Dr Belinda Stanton Dental Surgery,,Penrith,2750,02 4721 2818,,,Healthdirect Service Finder,3df24f8a-ad73-6c6a-a7af-816a14e795ae
NSW,Lethbridge Dental,,Penrith,2750,0247226299,enquiry@lethbridgedental.com.au,https://www.lethbridgedental.com.au,Healthdirect Service Finder,2025348e-1bda-463a-99f3-d1bdba9f0674
NSW,Simply Beautiful Smiles,,Penrith,2750,02 4731 1599,info@simplybeautifulsmiles.com.au,www.simplybeautifulsmiles.com.au,Healthdirect Service Finder,0840379b-0899-e707-b1f2-c220a1af0c63
NSW,Inform Dental,,Penrith,2750,02 4722 6478,,www.informdental.com.au,Healthdirect Service Finder,43a66ecc-b3bb-09a2-c574-8f92647f8bc4
NSW,Penrith Orthodontics,,Penrith,2750,02 4722 5275,penrithortho@gmail.com,www.penrithorthodontics.com.au,Healthdirect Service Finder,f96b4bfb-de25-daf5-af05-120ddca9f710
NSW,Dr Moses Lui Dental Surgeon,,Penrith,2750,02 4731 5376,,,Healthdirect Service Finder,aec9a012-210d-af21-9929-3039877230e7
NSW,Emu Plains Dental Care,,Emu Plains,2750,02 4735 2215,,http://www.emuplainsdentalcare.com.au/,Healthdirect Service Finder,eccc37fa-60b5-d934-6d10-6d6aae501a29
NSW,Hospital Specialist Dental Surgery,,Kingswood,2747,02 47229461,info@drtransdentalkingswood.com.au,http://www.hospitalspecialistdental.com.au/,Healthdirect Service Finder,83963edd-6078-9c9b-9b1a-301428af62f8
NSW,Smith Street Dental,,South Penrith,2750,02 4732 1244,smithdent@wix.com.au,www.smithstreetdental.com.au,Healthdirect Service Finder,d1a976d7-164c-ec83-092b-dcefa2904262
NSW,Local Dentures,,Kingswood,2747,02 4783 8337,Admin@localdentures.com.au,Https:www.Localdentures.com.au,Healthdirect Service Finder,85f5138f-e02f-4c3d-a433-dbc7bf1ce188
NSW,Best Western Dental Centre,,Cambridge Park,2747,02 4731 4655,bestwesterndentalcentre@gmail.com,http://www.bestwesterndental.com.au,Healthdirect Service Finder,57194a97-253b-ec38-d093-47672e6d60f3
NSW,South Penrith Dental,,South Penrith,2750,02 4732 2588,,www.southpenrithdental.com.au,Healthdirect Service Finder,974bfc9b-ec01-045b-37c5-4b04fe4cae49
NSW,Bella Dental Penrith,,South Penrith,2750,02 4722 6300,Smile@belladentalpenrith.com.au,https://belladentalpenrith.com.au/,Healthdirect Service Finder,f3e8bedd-0f50-7f7f-de09-1d2e42a61563
NSW,Medical and Fitness Centre,,Orchard Hills,2748,02 4736 6567,info@medicalfitness.com.au,https://medicalfitness.com.au/,Healthdirect Service Finder,201332b6-bd74-458c-97bf-46bae3a9801b
NSW,The Caddens Dental Bar,,Caddens,2747,02 9159 3955,hello@thecaddensdentalbar.com.au,https://www.thecaddensdentalbar.com.au,Healthdirect Service Finder,7d11520b-1f0f-4fb7-d6ff-205e70c940c2
NSW,Glenmore Park Dental,,Glenmore Park,2745,0247332956,glenmoreparkdentist@gmail.com,https://www.glenmoreparkdentist.com.au/,Healthdirect Service Finder,051d6855-97b0-491a-9b9d-58c7456cd372
NSW,Glenmore Park Dental Surgery,,Glenmore Park,2745,02 4733 4242,,,Healthdirect Service Finder,08bfcdae-20fa-9367-b1ec-ebfae2091808
NSW,Thorne Bill Dental Surgery,,Glenmore Park,2745,02 4733 3201,,,Healthdirect Service Finder,bc830dbf-8d53-e423-a176-0347eed62458
NSW,Claremont Meadows Dental Surgery,,Claremont Meadows,2747,02 9623 3434,claremontmeadowsdental@gmail.com,www.claremontmeadowsdental.com.au,Healthdirect Service Finder,24fa786d-68ec-0b19-bf08-a35f463051b6
NSW,Lower Blue Mountains Dental Surgery,,Glenbrook,2773,02 4739 8422,,,Healthdirect Service Finder,cc2008bc-8541-24eb-dc21-6d37a8fcfbbb
NSW,Dentist On Queen,,St Marys,2760,02 9623 1261,info@dentistonqueen.com.au,www.dentistonqueen.com/,Healthdirect Service Finder,ae713d2f-b72d-48f2-0bce-2e873be5c260
NSW,Morrin Dental,,Newcastle,2300,02 4929 3077,,,Healthdirect Service Finder,3e0bf6a3-0bfa-ae78-78a4-8b801066ef78
NSW,"Complete Dental, Oral Surgery & Implants",,Newcastle,2300,02 4926 2553,,https://completedental.net.au,Healthdirect Service Finder,a6bac6fb-a09e-53a7-f7de-85b336f2a8cc
NSW,The Good Dentist,,Cooks Hill,2300,0249296007,reception@thegooddentist.com.au,https://thegooddentist.com.au,Healthdirect Service Finder,8a592b6b-2ec1-470c-2443-859a7779d8ff
NSW,HONEYSUCKLE DENTAL,,Newcastle,2300,02 4915 9230,reception@honeysuckledental.com.au,www.honeysuckledental.com.au,Healthdirect Service Finder,42464fbc-00ad-9478-9693-fd49dffea1ac
NSW,King Street Dental,,Newcastle,2300,02 4929 4143,,,Healthdirect Service Finder,d99903a4-f387-b292-1e23-d9d2f152aa04
NSW,Newcastle Community Health Centre,,Newcastle West,2302,02 4016 4530,,,Healthdirect Service Finder,ae4482e0-d8f1-1fe8-1e3f-ec815aaf8202
NSW,NIB Dental Care Centre - Newcastle,,Newcastle West,2302,0249407100,nibnewcastle@pacificsmiles.com.au,http://nibdental.com.au/locations/dentist-newcastle/,Healthdirect Service Finder,ab2a2054-43d8-7d20-7e03-56838a108ddd
NSW,7 Pearls Dental,,Wickham,2293,02 4077 3821,,https://www.7pearlsdental.com.au,Healthdirect Service Finder,c463c7c4-97b7-4b2a-a2b1-af7d7b8431a7
NSW,Junction Village Dental,,The Junction,2291,02 4962 1621,office@junctionvillagedental.com.au,https://www.junctionvillagedental.com.au/,Healthdirect Service Finder,82fd7e8f-f0f3-7522-898e-89bbaad2e151
NSW,Maven Dental Newcastle,,Newcastle West,2302,02 4961 4402,newcastle@mavendental.com.au,https://mavendental.com.au/dentists/maven-dental-newcastle/,Healthdirect Service Finder,3fda8113-1029-1451-1e16-2be280ed09c9
NSW,Maple Dental,,The Junction,2291,02 4969 4833,reception@mapledental.com.au,http://www.mapledental.com.au,Healthdirect Service Finder,a87c9e90-1155-45fb-bf45-5a9e17901ddd
NSW,Cosmopolitan Dental Centre,,Hamilton,2303,02 4962 4300,reception@cosmodental.com.au,https://www.cosmodental.com.au/,Healthdirect Service Finder,0ee12983-98d8-71e7-37af-1148b821add2
NSW,ISLINGTON DENTAL SURGERY,,Islington,2296,02 4969 6211,reception@islingtondental.com.au,,Healthdirect Service Finder,7db623b0-2bb2-6194-0d71-84876f1b807e
NSW,Paul Beath - Dental Practice,,Merewether,2291,02 4961 6300,admin@paulbeathdental.com.au,https://paulbeathdental.com.au/,Healthdirect Service Finder,c927aa58-a54d-0e45-4880-1e18e32c84b9
NSW,Care Dental Centre,,Hamilton,2303,02 4961 1146,infocdchamilton@gmail.com,www.caredentalcentre.com.au,Healthdirect Service Finder,4b0bee5d-0b8f-9894-3e18-84c306bf3098
NSW,Teachers Health Centre - Hamilton,,Hamilton,2303,02 4918 1300,hhc@teachershealth.com.au,https://www.teachershealth.com.au/,Healthdirect Service Finder,a6aeddbb-32b9-235d-8b35-0b1bc9acba88
NSW,Dental on Beaumont,,Hamilton,2303,02 4929 2193,,www.dentalonbeaumont.com.au,Healthdirect Service Finder,73981108-9341-5ca7-1769-25ebf5832af8
NSW,Perlwhite Dental Merewether,,Merewether,2291,02 4963 5009,charlesmacdental@hotmail.com,www.charlesmacdonalddental.com.au,Healthdirect Service Finder,de2bf7f5-1ba2-1d86-3af1-35e6c8e01c78
NSW,DR PAUL PEPPER,,Merewether,2291,02 4961 1602,,,Healthdirect Service Finder,31fd54d1-ad9d-5676-e7b8-44947cb0bd3c
NSW,Awabakal Medical Service - Hamilton,,Hamilton,2303,1300 174 908,admin@awabakal.org,www.awabakal.org,Healthdirect Service Finder,fdfc4e7d-e861-b9ec-1524-22a654eef225
NSW,KidsSmile Paediatric Dental,,Broadmeadow,2292,02 4962 7300,reception@kidssmile.com.au,www.kidssmile.com.au,Healthdirect Service Finder,3874a1d9-3e3f-0b8d-1cd7-9b5764b9f9bb
NSW,Bupa Dental - Mayfield,,Mayfield,2304,02 4968 2303,Mayfield@bupadental.com.au,bupadental.com.au,Healthdirect Service Finder,1eeca5c3-f073-e8df-57da-c8bc604bbb2f
NSW,Adamstown Dental,,Adamstown,2289,02 4957 1888,,,Healthdirect Service Finder,6159db22-512d-b635-7ea2-9df2627d0b14
NSW,Dr Steven McMahon Dental Surgery,,Mayfield,2304,02 4968 8171,,,Healthdirect Service Finder,d6974ed6-234c-7d2f-7012-24d375dbb76b
NSW,Mayfield Dental Care,,Mayfield,2304,02 4023 3885,reception@mayfielddentalcare.com.au,https://mayfielddentalcare.com.au/,Healthdirect Service Finder,d4e7e6cb-bbb0-84a4-a18c-a0075ac78f1a
NSW,Dr Peter King Special Needs & Childrens Dentistry,,Kotara,2289,02 4953 9666,,,Healthdirect Service Finder,239b8543-15f9-3f81-67cd-e82280783d37
NSW,Pacific Smiles Dental - Kotara,,Kotara,2289,02 4952 8300,kotara@pacificsmiles.com.au,https://pacificsmilesdental.com.au/locations/kotara/,Healthdirect Service Finder,a8cc1ad5-2640-828c-fb81-8c1ab76ffc52
NSW,Pacific Smiles Dental - Jesmond,,Jesmond,2299,0249511200,Jesmond@pacificsmiles.com.au,https://pacificsmilesdental.com.au/locations/jesmond/,Healthdirect Service Finder,0467b9e8-5df1-4509-807c-e03de40f6d85
NSW,Charlestown Dental Care,,Charlestown,2290,02 4942 1633,,https://www.charlestowndentalcare.com.au/,Healthdirect Service Finder,ed52ec28-e0e1-99f6-315f-d4987cd58d0e
NSW,Dr Nitin Patel,,Charlestown,2290,02 4943 3366,,,Healthdirect Service Finder,613012d2-e346-c329-b6cd-b1737142145f
NSW,Teachers Health Centre - Wollongong,,Wollongong,2500,0242117700,whc@teachershealth.com.au,https://www.teachershealth.com.au/,Healthdirect Service Finder,a1547cb4-8924-4e07-7ea6-9c95c8c349c3
NSW,CBD Dental - Wollongong,,Wollongong,2500,02 4225 0505,,http://www.cbddentalwollongong.com.au,Healthdirect Service Finder,95df84b6-f993-559f-4e84-0bde59c5a645
NSW,Dr David Karwarz Dental Surgery,,Wollongong,2500,02 4226 9899,,,Healthdirect Service Finder,4c0866ef-6e9a-a189-7c27-6d59d8b2742a
NSW,Ellen Street Dental,,Wollongong,2500,02 4229 2911,reception@ellenstreetdental.com.au,www.ellenstreetdental.com.au,Healthdirect Service Finder,aef2f9a1-a779-ec25-b4f5-b028eb448638
NSW,Dentistry Illawarra,,Wollongong,2500,02 4228 9205,,,Healthdirect Service Finder,10f91761-1819-fc86-fae5-253e0ad152f5
NSW,Starcare Dental Specialists Group Wollongong,,Wollongong,2500,02 4231 5000,wollongong@starcaredental.com.au,www.starcaredental.com.au,Healthdirect Service Finder,d2a05d60-f54f-2193-9cb8-19b403239c6d
NSW,Wollongong Dental,,Wollongong,2500,02 4244 0600,,https://www.wollongongdental.com.au,Healthdirect Service Finder,1219f242-c045-34a7-cfe7-606e0259aae0
NSW,Peoplecare Eyes & Teeth,,Wollongong,2500,1300 574 778,,,Healthdirect Service Finder,f215368c-ec36-f299-2d7d-9d67a4d78cb3
NSW,Pacific Smiles Dental - Wollongong,,Wollongong,2500,0242474200,Wollongong@pacificsmiles.com.au,https://pacificsmilesdental.com.au/locations/wollongong/,Healthdirect Service Finder,87e610c8-16d7-42c2-87db-444ed047d2cb
NSW,Nib Dental Care Centre - Wollongong,,Wollongong,2500,1300 345 300,receptionwo@pacificsmiles.com.au,www.nib.com.au,Healthdirect Service Finder,ce1d63ca-bf49-1e18-35dc-13c2e9b35054
NSW,Dental Services in Wollongong at Dental Corner,,Wollongong,2500,0491 570 157,,http://dentalcorner.com.au/,Healthdirect Service Finder,e0ac8195-41fb-42db-a939-a043681f041b
NSW,Kembla Street Dental,,Wollongong,2500,02 4229 1844,reception@kemblastreetdental.com.au,http://www.kemblastreetdental.com,Healthdirect Service Finder,92169510-102c-6faa-53b5-57cd62276b3e
NSW,Fryer & Barry Orthodontists Wollongong,,Wollongong,2500,02 4226 3430,,www.fryerbarry.com.au,Healthdirect Service Finder,fd22dce8-8cdd-ca14-cf7f-be162c1a7117
NSW,Jones Dental - Wollongong,,Wollongong,2500,02 4228 6611,,www.jonesdental.com.au,Healthdirect Service Finder,8c8a33f5-caa9-a4a5-319c-859768c733df
NSW,Everyday Family Dental Centre,,Wollongong,2500,02 4229 9182,everydaydentalwollongong@gmail.com,https://everydaydentalwollongong.weebly.com/,Healthdirect Service Finder,3a0e0c95-0e92-f0b7-ca1a-d3163813d8e0
NSW,CBD Dental - Coniston,,Coniston,2500,02 4225 0505,,,Healthdirect Service Finder,728c6bb7-641c-66c7-0e7c-b3c570513baa
NSW,Smile Team - Fairy Meadow,,Fairy Meadow,2519,02 4220 5300,,http://www.smileteam.com.au/,Healthdirect Service Finder,a104c974-b039-8618-12db-ca5782b26b45
NSW,Campus Dental,,Keiraville,2500,0242262199,drjohncapp@gmail.com,www.campusdentist.com.au,Healthdirect Service Finder,58e3b64d-0c38-4bde-4cd7-eb0562372489
NSW,Pacific Smiles Dental - Figtree,,Figtree,2525,0242226500,Figtree@pacificsmiles.com.au,https://pacificsmilesdental.com.au/locations/figtree/,Healthdirect Service Finder,cfd06afb-4a86-4b9e-b307-4ad84e27bcb3
NSW,New Smile Dental,,Fairy Meadow,2519,02 4284 5476,newsmiledental@live.com,http://www.newsmiledental.com.au/,Healthdirect Service Finder,f6a16707-dba4-67c0-f91e-6cadeed5090a
NSW,Ambience Dental,,Fairy Meadow,2519,02 4283 3357,info@ambiencedental.com.au,,Healthdirect Service Finder,87849de8-5af0-c104-ce01-ec81df165dc0
NSW,Fairy Meadow Family Dental,,Fairy Meadow,2519,02 4284 1101,info@fairymeadowdental.com.au,http://www.fairymeadowdental.com.au/,Healthdirect Service Finder,080442fe-14ef-860d-6dc6-226ff9131350
NSW,Balgownie Dental Surgery,,Balgownie,2519,02 4285 3855,,www.balgowniedental.com,Healthdirect Service Finder,cd152131-7ab7-8ee6-1fab-8b2122e550c8
NSW,Contemporary Smiles,,Corrimal,2518,02 4283 5995,admin@contemporarysmiles.com.au,www.contemporarysmiles.com.au,Healthdirect Service Finder,c07dfbbe-23a4-1b1e-7c98-803d19c7bc18
NSW,Cordeaux Heights Village Dental Surgery,,Cordeaux Heights,2526,02 4272 3377,enquiry@cordeauxheightsdental.com.au,www.cordeauxheightsdental.com.au,Healthdirect Service Finder,2ae0107e-69c8-f75f-f9f8-b43502ac5555
NSW,Pacific Smiles Dental - Corrimal,,Corrimal,2518,0242239400,Corrimal@pacificsmiles.com.au,https://pacificsmilesdental.com.au/locations/corrimal/,Healthdirect Service Finder,e8149454-655f-4f20-be09-13b07cfbcfdb
NSW,Dr J Giuttari - Port Kembla,,Port Kembla,2505,02 4274 1069,,,Healthdirect Service Finder,68b00b24-03fb-c0e9-7913-3d81ca737e9c
NSW,Corrimal Dental Surgery,,Corrimal,2518,02 4285 2279,,,Healthdirect Service Finder,9319459d-1de9-699a-edf3-56f98dea6c8a
NSW,Primary Dental Corrimal,,Corrimal,2518,02 4258 0230,corrimaldental@forhealth.com.au,https://www.primarydental.com.au/dental-centre/corrimal/,Healthdirect Service Finder,ea6e34ab-9104-4f40-af8e-32cca3b3fc8a
NSW,Corrimal Medical and Dental Centre,,Corrimal,2518,0242580230,,https://www.primarydental.com.au/dental-centre/corrimal/,Healthdirect Service Finder,2c9e310f-0f62-7f06-3d3b-36cbc4c120c4
NSW,Gosford Family Dentists,,Gosford,2250,02 4325 3221,info@gosfordfamilydentists.com.au,www.gosfordfamilydentists.com.au,Healthdirect Service Finder,37c94b77-b153-642c-919d-78c4cde85e34
NSW,Coastal Dental,,Gosford,2250,02 4322 6617,info@coastaldental.com.au,http://www.coastaldental.com.au,Healthdirect Service Finder,b24023d5-ac6e-0a3b-8262-d30c9c0c8bb9
NSW,GOSFORD DENTAL CENTRE,,Gosford,2250,0243127953,info@gosforddentalcentre.com.au,https://gosforddentalcentre.com.au/,Healthdirect Service Finder,905c3f42-4074-4e20-a340-7e19d030e725
NSW,Central Coast Orthodontics,,Gosford,2250,02 4323 1533,info@centralcoastorthodontics.com.au,http://www.centralcoastorthodontics.com.au/,Healthdirect Service Finder,29dddabd-f75b-aa69-1bff-35c92e10a809
NSW,The Orthodontist - Gosford,,Gosford,2250,02 4323 2828,admin@the-orthodontist.com.au,http://www.the-orthodontist.com.au,Healthdirect Service Finder,1bacc0c9-e4bb-04e2-6a55-4fa834c9af61
NSW,Albany Dental,,Gosford,2250,02 4324 1181,admin@albanydental.net.au,,Healthdirect Service Finder,10dfe81b-472e-8e50-9c37-f8a4583faece
NSW,The Gum Doctors - East Gosford,,Point Frederick,2250,02 4324 5625,gosford@gumdoctors.com.au,http://www.gumdoctors.com.au,Healthdirect Service Finder,cbb8f5ae-b684-0f2f-f5dd-1c2d07e8c24c
NSW,Invitation To Health,,Wyoming,2250,02 4322 0700,wyoming.info@mountiescare.com.au,http://invitationtohealth.com.au/,Healthdirect Service Finder,b125fd3e-3534-7fdc-b130-c6f57644b577
NSW,Family Dental Care,,East Gosford,2250,02 4325 1584,chris@chrisarndtdental.com.au,,Healthdirect Service Finder,e4e385a7-48a8-07be-937a-cf4124e0b4b0
NSW,Victoria Court Dental Centre East Gosford,,East Gosford,2250,02 4323 1933,,www.vcdental.com.au,Healthdirect Service Finder,3e6ee421-622f-0788-53cd-1f6c093dc994
NSW,Primary Dental Wyoming,,Wyoming,2250,02 4329 9030,wyomingdental@forhealth.com.au,https://www.primarydental.com.au/dental-centre/wyoming/,Healthdirect Service Finder,e86fb9a9-9b20-4874-9aa9-06db2449d54f
NSW,West Gosford Dental,,West Gosford,2250,02 4324 7982,,,Healthdirect Service Finder,757ba28e-3a61-26b9-65f1-2c1a069eac78
NSW,Wyoming Dental Surgery,,Wyoming,2250,02 4328 4581,,,Healthdirect Service Finder,64021273-3a72-e231-c373-866748d3a952
NSW,Bupa Dental - Erina,,Erina,2250,02 4367 7500,erina@bupadental.com.au,bupadental.com.au,Healthdirect Service Finder,9a0a9ff7-6c7f-c505-7ac2-d99de148d9ad
NSW,Deall Dental,,Erina,2250,02 4367 7599,reception@dealldental.com.au,,Healthdirect Service Finder,e47cb872-e883-7a16-cc88-b13e68e7a4e4
NSW,Niagara Park Dental,,Niagara Park,2250,02 4329 3003,reception@niagaraparkdental.com.au,https://niagaraparkdental.com.au,Healthdirect Service Finder,cd0dd2a7-db7f-3f98-3780-d48a59d969c0
NSW,Kariong Dental Care,,Kariong,2250,02 4340 2022,info@kariongdental.com.au,https://www.kariongdental.com.au/,Healthdirect Service Finder,fd8ba771-4752-1f89-ce75-37f869c42051
NSW,Dr Amanda YU Dental Surgery,,Erina,2250,02 4367 5066,amandayu@spin.net.au,https://www.dramandayu.com.au/,Healthdirect Service Finder,4f7f8019-effa-027c-df1d-e9b654ba6726
NSW,Lisarow Dental Care,,Lisarow,2250,02 4328 4333,reception@lisarowdentalcare.com.au,www.centralcoast.dental,Healthdirect Service Finder,6235d375-2b0f-2c55-1531-47a56d2c3247
NSW,nib Dental Care Centre Erina,,Erina,2250,02 4363 7300,erina@pacificsmiles.com.au,https://pacificsmilesdental.com.au/locations/erina/,Healthdirect Service Finder,e9a1c4c9-91cd-eb51-dce1-73c526321ccc
NSW,National Dental Care Erina,,Erina,2250,02 4365 1611,reception.erina@nationaldentalcare.com.au,https://www.nationaldentalcare.com.au/practices/erina?utm_source=gmb&utm_medium=organic&utm_campaign=google-my-business,Healthdirect Service Finder,d768f976-687f-3000-3b54-2fc79b947b45
NSW,Erina Fair Medical Care,,Erina,2250,0243655322,,,Healthdirect Service Finder,3318d086-63a9-2bc9-1d58-414b46def1a2
NSW,Kincumber Dental Care,,Kincumber,2251,02 4369 6999,info@kincumberdentalcare.com.au,,Healthdirect Service Finder,ec30835d-22d3-6fe8-7a37-7d7f0a2103dd
NSW,Woy Woy Dental Centre,,Woy Woy,2256,02 4342 1080,woywoydc@gmail.com,,Healthdirect Service Finder,5f20308c-2712-9af2-2606-ad43e87888d3
NSW,All About Smiles Kincumber,,Kincumber,2251,02 4368 1551,kincumber@allaboutsmilesgroup.com,www.allaboutsmiles.com.au,Healthdirect Service Finder,67fe2895-a12e-4a66-7064-fec14e4eb463
NSW,Advanced Dental Services - Woy Woy,,Woy Woy,2256,02 4341 1751,info@advanceddentalservices.com.au,http://www.advanceddentalservices.com.au/,Healthdirect Service Finder,2f1dd0dd-16d4-b5e3-54e8-dfbaf31d9683
NSW,Ocean Dental Port MacQuarie,,Woy Woy,2256,02 4341 9629,info@oceandental.com.au,www.oceandental.com.au,Healthdirect Service Finder,65609680-2a00-9ab4-bff1-3548b83c8e42
NSW,Ocean Dental Woy Woy,,Woy Woy,2256,02 4341 9629,,http://www.oceandental.com.au,Healthdirect Service Finder,10555fcc-93ff-369c-f888-5cffd224e1ac
NSW,Smile @ Kincumber,,Kincumber,2251,02 4368 1623,heeya@optusnet.com.au,,Healthdirect Service Finder,e659a09c-717f-4de4-e592-b609b418e702
NSW,Ourimbah Dental Services,,Ourimbah,2258,02 4362 1699,,,Healthdirect Service Finder,9aecba4f-ae38-8490-9c4c-ed6158436721
NSW,The Dental Centre,,Coffs Harbour,2450,02 6652 3344,,https://coffsdentalcentre.com.au/,Healthdirect Service Finder,0866588b-fcb9-f32e-9a6d-4e0cd00068ee
NSW,Dr Russell HO Dental Surgery,,Coffs Harbour,2450,02 6652 6488,,,Healthdirect Service Finder,601e1a42-8830-d537-c2de-79dc7abb70e5
NSW,Cosmetic & Holistic Dentistry Centre,,Coffs Harbour,2450,02 6652 3021,info@tcahdc.com,http://tcahdc.com/,Healthdirect Service Finder,8b3e20ce-e134-e917-8de4-f88e73d876cd
NSW,Harbourside Dental,,Coffs Harbour,2450,02 6652 2733,harbourdrivedentist@gmail.com,https://harboursidedental.com.au/,Healthdirect Service Finder,7da7c3f8-7c86-93e6-a499-5a1205f89671
NSW,Brad Pearce Dental,,Coffs Harbour,2450,02 6651 1222,,http://www.bpdental.com.au/,Healthdirect Service Finder,6ff5ebb6-b665-8ae4-4b7d-6ee4e102f2e1
NSW,Magic Smiles,,Coffs Harbour,2450,02 6652 3242,coffs@magicsmiles.com.au,https://magicsmiles.com.au/,Healthdirect Service Finder,3bc8cdbf-f9a1-9965-5661-bd004e668bda
NSW,Fresh Dental Care - Coffs Harbour,,Coffs Harbour,2450,02 6651 1350,infocoffs@freshdentalcare.com.au,www.freshdentalcare.com.au,Healthdirect Service Finder,523e0d0a-a918-fcc0-8438-c46aea2c4baa
NSW,Maven Dental Park Beach,,Coffs Harbour,2450,02 6652 3366,parkbeach@mavendental.com.au,https://mavendental.com.au/dentists/maven-dental-park-beach/,Healthdirect Service Finder,9b1fc245-55e7-54e2-47ca-5005a11655a0
NSW,Coffs Coast Dental and Facial,,Coffs Harbour,2450,02 6614 5729,info@coffscoastdental.com.au,https://coffscoastdental.com.au,Healthdirect Service Finder,58a78085-bdc8-3685-eaa6-c31d3cdb8ef4
NSW,Coffs Coast Dental,,Coffs Harbour,2450,1300 385 515,,,Healthdirect Service Finder,70f7f4d2-53e0-c36b-1979-3e00bb62dee8
NSW,Jetty Dental,,Coffs Harbour,2450,02 6651 7373,admin@jettydental.com.au,,Healthdirect Service Finder,79bad1d0-728d-3d41-3269-8802c6efccf5
NSW,Ethical Dental & Orthodontics,,Coffs Harbour,2450,0266523185,sam@ethical.dental,https://www.ethical.dental/,Healthdirect Service Finder,2614b101-94ff-9778-49bf-f175b257e633
NSW,Dr Le's Dental Surgery,,Coffs Harbour,2450,02 6652 4568,,,Healthdirect Service Finder,73ac6683-e812-4ce8-1073-aa6117181390
NSW,Arthur Street Dental,,Coffs Harbour,2450,02 6652 1677,reception@arthurstreetdental.com.au,http://www.arthurstreetdental.com.au/,Healthdirect Service Finder,63655ccd-3d6e-5a9a-0f8a-8dab47e20935
NSW,Zenith Dental clinic,,Toormina,2452,02 6653 1788,hello@zenithdental.com.au,https://zenithdental.com.au/,Healthdirect Service Finder,78418824-75b2-81c2-ece9-b49b37bb4f03
NSW,Sawtell Dental Surgery,,Sawtell,2452,02 6653 3457,,www.sawtelldental.com.au,Healthdirect Service Finder,d6a6af42-b169-7d8a-529c-4330caa6c15d
NSW,Brad Pearce Dental - Woolgoolga,,Woolgoolga,2456,02 6654 2787,admin1@bpdwoopi.com.au,,Healthdirect Service Finder,e86337ea-d3c7-3f0f-a340-9073ab2f4115
NSW,Magic Smiles Woolgoolga,,Woolgoolga,2456,02 6654 0650,woolgoolga@magicsmiles.com.au,https://magicsmiles.com.au/,Healthdirect Service Finder,8d0a4a55-fbc7-2ffc-0141-1153e54b4ae6
NSW,Welcome Dental,,Urunga,2455,0266555800,info@welcomedental.com.au,www.welcomedental.com.au,Healthdirect Service Finder,a2f89e24-4660-4fab-3be2-9c39ea3279b9
NSW,Pearce Bradley Dentist,,Bellingen,2454,02 6655 1495,admin.bellingen@bpdental.com.au,,Healthdirect Service Finder,381067bc-b67c-6ff4-27fc-9e2d2499e341
NSW,Bellingen Dental,,Bellingen,2454,02 6655 2166,admin@bellingendental.com.au,https://bellingendental.com.au/,Healthdirect Service Finder,c9baa5ce-0996-0a83-5692-b98b7eceb109
NSW,Lake Innes Medical and Dental Centre,,Port Macquarie,2444,02 6581 3131,contact@lmdc.com.au,http://www.lmdc.com.au/,Healthdirect Service Finder,97d8ed04-b4a9-3810-94fd-601d10ad1a13
NSW,TL Dental,,Port Macquarie,2444,02 6583 4055,,https://tldental.com.au/,Healthdirect Service Finder,e6229e24-7aaf-b391-a96e-c59246930eaa
NSW,Hermitage Dental,,Port Macquarie,2444,02 6584 1466,,www.portdentist.com.au,Healthdirect Service Finder,36d8b87c-59b7-dcdf-d13c-7526bde739ac
NSW,Lake Road Dental,,Port Macquarie,2444,02 6583 1233,,www.lakeroaddental.com.au,Healthdirect Service Finder,b971dd44-8357-45ca-2673-aa279181be0a
NSW,Sundial Dental,,Port Macquarie,2444,02 6583 3533,info@sundialdental.com.au,www.sundialdental.com.au,Healthdirect Service Finder,6947a4b1-2f7c-e2dc-45b8-0d9a23f88988
NSW,Port MacQuarie Dental Centre,,Port Macquarie,2444,02 6583 1711,,,Healthdirect Service Finder,b22ec7a0-b441-3e17-2866-eb4b968d7279
NSW,Bean Orthodontics,,Port Macquarie,2444,02 6583 5090,,http://www.drbeanorthodontist.com.au/,Healthdirect Service Finder,f3c70ded-a789-49fe-4df0-b82a63db0d79
NSW,Port Macquarie Orthodontics,,Port Macquarie,2444,02 6583 8425,,www.portmaquarieorthodontics.com.au,Healthdirect Service Finder,54631704-da98-1bda-c348-378eccbd419c
NSW,Beachside Dental,,Port Macquarie,2444,02 6583 9903,beachsidedental2444@gmail.com,,Healthdirect Service Finder,1b808118-ac26-136a-a7d0-5c529986902a
NSW,Star Dental,,Port Macquarie,2444,02 6583 6111,stardental@iinet.net.au,https://www.stardentalport.com/,Healthdirect Service Finder,613ae2c4-837a-610e-2b74-4cf294e4940e
NSW,Dr Mark Brisley Dental Surgery,,Port Macquarie,2444,02 6583 2511,portmacquarie@prakhyadental.com,https://www.prakhyadental.com/our-dentists,Healthdirect Service Finder,88650152-4088-1390-7ec2-8189362b98d1
NSW,Port Smiles Dental - Port Macquarie,,Port Macquarie,2444,02 6583 8868,portsmiles@gmail.com,http://www.portsmiles.com.au/,Healthdirect Service Finder,3611cd3f-07aa-7dea-ec89-9bab892ae3dc
NSW,Hastings Dental Centre,,Port Macquarie,2444,02 6583 7211,hastingsdentalcentre@hotmail.com,www.hastingsdentalcentre.com.au,Healthdirect Service Finder,0c82c9af-52d0-7c52-9071-6209e96c933d
NSW,Primary Dental Port Macquarie,,Port Macquarie,2444,02 5526 9930,portmacquariedental@forhealth.com.au,https://www.primarydental.com.au/dental-centre/port-macquarie/,Healthdirect Service Finder,747ced39-8d3e-41d5-8a17-544f29dbb2e4
NSW,Lighthouse Beach Dental,,Port Macquarie,2444,02 6582 0322,,http://www.lighthousebeachdental.com.au,Healthdirect Service Finder,427f4982-9e25-6e8f-71f5-be28eefd73ae
NSW,Sundial Dental Wauchope,,Wauchope,2446,02 6585 2015,info@sundialdental.com.au,www.sundialdental.com.au,Healthdirect Service Finder,5c5096eb-1dd2-0d5a-5b9f-748782179353
NSW,Wauchope Dental,,Wauchope,2446,02 6586 0007,wauchopedental@gmail.com,https://wauchopedental.net.au/,Healthdirect Service Finder,3fb991db-a794-14f3-2d79-a279c14e92c5
NSW,Wauchope Community Health Centre,,Wauchope,2446,02 6580 8060,,,Healthdirect Service Finder,a98b2f2f-6644-e3ca-7796-221fcf3566bd
NSW,Port Smiles Dental - Bonny Hills,,Bonny Hills,2445,02 6585 5772,portsmilesbh@gmail.com,https://www.portsmiles.com.au/,Healthdirect Service Finder,70f8528f-8b53-4f94-6079-41119439e1cd
NSW,Laurieton Family Dental Practice,,Laurieton,2443,02 6559 8660,,https://laurietonfamilydental.com.au/,Healthdirect Service Finder,c5ef3306-bb06-2d98-3598-8c8057d44283
NSW,Sundial Dental,,Laurieton,2443,02 6559 9276,info@sundialdental.com.au,,Healthdirect Service Finder,b96267d1-8b81-adf9-30b5-4bea7d003c40
NSW,Centrepoint Dental Care,,Tamworth,2340,02 6766 1602,admin@centrepointdental.com.au,www.centrepointdental.com.au,Healthdirect Service Finder,c54406e6-9397-4937-9a39-99d7f457ee42
NSW,Oasis Smile Dental,,Tamworth,2340,02 6766 2668,,,Healthdirect Service Finder,4e267262-54c7-8d84-2037-119963f345c1
NSW,East Tamworth Dental Care,,Tamworth,2340,0267671601,info@easttamworthdentalcare.com.au,https://www.easttamworthdentalcare.com.au,Healthdirect Service Finder,ce917a9e-47fc-4f01-8741-618538b4b7b8
NSW,Tamworth Oral Health and Dental Care,,Tamworth,2340,02 6766 2316,,,Healthdirect Service Finder,8b225d8e-3a3d-b39c-1f14-01c42104ac2f
NSW,Happy Smiles Dental Care,,Tamworth,2340,02 6766 2236,reception@happysmiles.com.au,www.happysmiles.com.au,Healthdirect Service Finder,6f6bdd38-31e7-f949-6542-fc1e3504b8e4
NSW,Darling Dental,,Tamworth,2340,02 6766 3975,reception@darlingdental.com.au,www.darlingdental.com.au,Healthdirect Service Finder,bbd626a4-5d0c-32de-e4d6-be83b2b2d904
NSW,Tamworth Dental - Oral Surgery and Implants,,South Tamworth,2340,02 6765 4104,reception@tamworthdental.com,www.tamworthdental.com,Healthdirect Service Finder,879f2116-1840-106c-cb44-c1308f865368
NSW,Dubbo Family Dentists,,Dubbo,2830,02 6882 5444,reception@dubbofamilydentists.com.au,http://www.dubbofamilydentists.com.au/,Healthdirect Service Finder,524d473d-2232-9082-b2e6-53b3b4c56abe
NSW,Smile Design Centre,,Dubbo,2830,02 6885 1777,,www.smiledesigncentre.com.au,Healthdirect Service Finder,9f6ae3bb-d575-4915-aaf8-a92070e922b6
NSW,Wingewarra Dental,,Dubbo,2830,02 6884 9555,,www.wingewarradental.com.au,Healthdirect Service Finder,fca29812-bda0-137a-80f2-6dc5a1c626cb
NSW,Parkside Dental Surgery,,Dubbo,2830,02 6882 1366,parksidedentaldubbo@gmail.com,,Healthdirect Service Finder,37584823-c689-8787-a88e-c74ca750c2b7
NSW,Dr PK Soo's Dental Surgery,,Dubbo,2830,02 6882 1576,,,Healthdirect Service Finder,6a53a9ee-af14-40ca-b451-55709ddca175
NSW,National Dental Care - Dubbo,,Dubbo,2830,02 6882 4108,,https://www.nationaldentalcare.com.au/locations/national-dental-care-dubbo,Healthdirect Service Finder,e5f33c77-4275-27d8-4b0c-c4ebd3323733
NSW,Primary Dental Dubbo,,Dubbo,2830,02 6841 9030,,www.primarydental.com.au,Healthdirect Service Finder,b0402106-bc9d-94b4-ec01-ae0c653c44fc
NSW,Primary Dental Dubbo,,Dubbo,2830,02 6841 9030,dubbodental@forhealth.com.au,https://www.primarydental.com.au/dental-centre/dubbo/,Healthdirect Service Finder,00b97881-9927-4d4e-abce-9bfd3c5615e4
NSW,Charles Sturt University Dental and Oral Health Clinic - Dubbo,,Dubbo,2830,1300 278 642,ddohc@csu.edu.au,,Healthdirect Service Finder,0457cdc2-e07f-265f-18fd-bc44b6c6976e
NSW,Oral Health Service - Western NSW Local Health District,,Dubbo,2830,1800 679 336,,,Healthdirect Service Finder,5cf0e6cd-d2e6-33d7-702b-9317fea4ea20
NSW,George Street Dental Surgery,,Bathurst,2795,02 6331 7477,georgestreetdentalbx@yahoo.com.au,www.bxgeorgestdental.com.au,Healthdirect Service Finder,ea837820-dbd2-eee9-2911-a16e783bfcff
NSW,The Dental Practice,,Bathurst,2795,02 6331 3699,reception@dentalpractice.net.au,http://www.dentalpractice.net.au,Healthdirect Service Finder,321f0657-a137-01cf-dffa-268aa9e0ec65
NSW,Bowman Dental,,Bathurst,2795,02 6331 3364,info@bowmandental.com.au,http://www.bowmandental.com.au/,Healthdirect Service Finder,52f1f9f9-64c4-fbf6-2db1-a316f59e5c55
NSW,Dr Nigel Swan - Dentist,,Bathurst,2795,02 6331 3045,,,Healthdirect Service Finder,51c34619-a5bc-4135-5c82-55a0bea08ec2
NSW,Centre For Dental Excellence,,Bathurst,2795,02 6332 4808,cdebathurst@hotmail.com,https://cdebathurst.com/,Healthdirect Service Finder,79962c8d-0bf4-342a-0d2b-e5fd7e8239d0
NSW,Bathurst Dental Care,,Bathurst,2795,02 6331 7877,info@bathurstdentalcare.com.au,,Healthdirect Service Finder,448ec5d6-e066-5e5a-6581-17917c896d92
NSW,Charles Sturt University Dental and Oral Health Clinic - Bathurst,,Bathurst,2795,1300 278 642,,,Healthdirect Service Finder,42a2ef64-3256-1548-2e1f-1f7bf88d840f
NSW,Bathurst Community Dental Clinic,,West Bathurst,2795,1800 679 336,,,Healthdirect Service Finder,9f9ef530-a96a-486a-3cbf-7b8985b49122
NSW,I M Dental,,Albury,2640,02 6021 4192,imdental@imdental.com.au,,Healthdirect Service Finder,cabbfe59-57b8-1e7c-12c7-ec953b5eeb79
NSW,Kreativ Dental Albury,,Albury,2640,02 6021 4171,reception@kreativdental.com.au,http://www.kreativdental.com.au,Healthdirect Service Finder,6a4c60c9-cc57-6104-f482-fa65be84f7e1
NSW,John Appleyard Dental,,Albury,2640,02 6023 2678,,,Healthdirect Service Finder,1356ad15-de52-c9e5-620d-85c716c6738d
NSW,MP Dental - Albury,,Albury,2640,02 6021 8011,,,Healthdirect Service Finder,cb99fb9f-a767-b70e-ef34-3a2d6b6fa6b6
NSW,Evolve Orthodontics,,Albury,2640,02 6021 1288,,http://www.alburywodongaorthodontics.com.au/,Healthdirect Service Finder,2abaf4ca-9a8c-574d-5265-1071dbff90df
NSW,Albury Family Dental,,Albury,2640,02 6048 7808,info@alburyfamilydental.com.au,https://www.alburyfamilydental.com.au/,Healthdirect Service Finder,d2d8a5be-9f3f-4d28-b570-45516bff82a7
NSW,City Gardens Dental,,Albury,2640,02 6021 6141,,http://www.citygardensdental.com.au/,Healthdirect Service Finder,a965239b-1f40-514c-201d-de551ddd59ca
NSW,Southern Health Albury Community Health Centre (Dental),,Albury,2640,1800 450 046,,,Healthdirect Service Finder,cf7086ae-e940-e259-68a0-4fd381585bb2
NSW,Nick's Dental Surgery,,Albury,2640,02 6041 3833,,,Healthdirect Service Finder,84a76614-a50e-a6ce-4756-ef9dad56187e
NSW,Peach Dental,,Albury,2640,02 6041 3177,peachdentalalbury@yahoo.com.au,,Healthdirect Service Finder,de0e5176-6218-b396-9c77-beae82269f98
NSW,Smollett St Dental,,Albury,2640,02 6041 1200,reception@smollettstreetdental.com.au,http://www.smollettstreetdental.com.au/index.html,Healthdirect Service Finder,82767d76-6212-98e4-a2bb-f1a4f0f4e683
NSW,Albury Wodonga Aboriginal Health Service,,Glenroy,2640,02 6040 1200,,http://www.awahs.com.au/,Healthdirect Service Finder,fd1b790e-d584-1b11-9760-342946db8c94
NSW,Mate Street Dental Clinic,,North Albury,2640,02 6040 1811,reception@matestreetdentalclinic.com.au,http://matestreetdentalclinic.com.au/,Healthdirect Service Finder,3a4bd918-159e-b345-013b-d2af93bf3dc4
NSW,K & R Dental Services,,Lavington,2641,02 6025 2222,,,Healthdirect Service Finder,aa9e9e19-1275-ad03-9aea-ee67378fddea
NSW,Vinnova Dental Thurgoona,,Thurgoona,2640,02 6061 4373,Thurgoona@vinnovadental.au,https://vinnovadental.au/,Healthdirect Service Finder,4b283244-7978-4dd0-b165-2b13a249cb83
NSW,Kincaid Medical and Dental Centre,,Wagga Wagga,2650,02 6971 0811,admin@kincaidmedicalcentre.com.au,,Healthdirect Service Finder,09e641ef-2fb3-570a-6cce-7b12d9fca3e6
NSW,Dr Mary-Anne Slater Dentistry,,Wagga Wagga,2650,02 6921 6035,dentalwagga@gmail.com,https://mslaterdental.com.au/,Healthdirect Service Finder,841f4bd1-5642-bafa-8fe9-2e2672666b1a
NSW,Morgan Street Dental Centre,,Wagga Wagga,2650,02 6921 9500,,msdcwagga.com.au,Healthdirect Service Finder,36a55d3f-da74-cdc3-7cef-f663dbc2b602
NSW,Best St Dental,,Wagga Wagga,2650,02 6921 5799,info@beststdental.com.au,www.beststdental.com.au,Healthdirect Service Finder,64a268fe-66a3-3236-d26c-e39cbccc8d12
NSW,Pacific Smiles Dental  - Wagga Wagga,,Wagga Wagga,2650,02 6932 4177,wagga@pacificsmiles.com.au,https://pacificsmilesdental.com.au/locations/wagga-wagga/,Healthdirect Service Finder,e8cecff5-0cc1-e7c3-8d85-87e5562a8985
NSW,Graham Wild Dental Surgery,,Wagga Wagga,2650,02 6921 2333,,,Healthdirect Service Finder,771b7361-985e-a357-80ca-a9e5d093466e
NSW,Riverina Medical and Dental Aboriginal Corporation,,Wagga Wagga,2650,02 6923 5200,,https://www.ahmrc.org.au/member-service/riverina-medical-dental-aboriginal-corporation/,Healthdirect Service Finder,66d7e91a-4286-b97d-3788-954d12f63ecd
NSW,Greenapple Dentistry,,Wagga Wagga,2650,02 6921 6488,,https://www.greenappledentistry.com.au/,Healthdirect Service Finder,1d84a67d-7d69-f1e2-5fca-8ea1ef6c63c3
NSW,Oso Centre,,Wagga Wagga,2650,02 6925 4466,admin@osocentre.com,http://www.osocentre.com/,Healthdirect Service Finder,f80c367f-42bf-e9bb-3d37-9eafbc66c6a1
NSW,Wagga Family Dentist,,Wagga Wagga,2650,02 6921 4222,info@waggafamilydentist.com.au,https://www.waggafamilydentist.com.au/,Healthdirect Service Finder,e9b533b7-d2fb-3249-829e-6068f5ce4219
NSW,iSmile Dental Clinic,,Wagga Wagga,2650,02 6925 5511,info@ismiledentalclinic.com.au,www.ismiledentalclinic.com.au,Healthdirect Service Finder,7580dc65-957c-3272-1e76-8dfd0c1bc9d1
NSW,Go Dental Peter Street,,Wagga Wagga,2650,02 6921 3120,godental@dentegrity.com.au,www.godentalwagga.com.au,Healthdirect Service Finder,6496c7b4-6f2d-936d-1f7f-026fc779ee62
NSW,Marketplace Dental Centre,,Wagga Wagga,2650,02 6971 8764,reception@marketplacedental.com.au,https://www.marketplacedental.com.au,Healthdirect Service Finder,b83dcee9-4706-3254-0480-f0a6bb6ddc85
NSW,Coates Dental Surgery,,Wagga Wagga,2650,02 6921 3368,coates.dental@outlook.com,http://www.coatesdentalwagga.com.au/,Healthdirect Service Finder,0a7f655d-4083-5250-3f7e-1c6b2dd2974e
NSW,Bright Smiles,,Mount Austin,2650,02 6925 4536,,,Healthdirect Service Finder,28195d7e-198b-522d-6318-1bffc5c02630
NSW,Kooringal Dental,,Kooringal,2650,02 6922 6840,,https://kooringaldental.com.au,Healthdirect Service Finder,e26ca6e0-86d4-4f1f-7b56-dcadf2efc840
NSW,Kooringal Dental Surgery,,Kooringal,2650,02 6922 6840,,,Healthdirect Service Finder,c25bb155-4228-bf4e-d5a2-0c95086864f3
NSW,Trigger Dental,,Lismore,2480,02 6622 4915,triggdent@internode.on.net,http://triggerdental.com.au/,Healthdirect Service Finder,9a4adf0c-d577-dcc5-c52a-f7f9dd50b109
NSW,Uralba Street Dental,,Lismore,2480,02 6622 1211,reception@uralbastreetdental.com.au,http://uralbastreetdental.com.au/,Healthdirect Service Finder,60b10c0b-ddc6-8cb7-12a6-a2dca5fc566b
NSW,Lismore Dental Practice,,Lismore,2480,02 6621 8558,,,Healthdirect Service Finder,86d4d2f5-9414-a61e-7c19-b41dd308fe50
NSW,Star Family Dental,,Lismore,2480,02 6621 2363,reception@starfamilydental.com.au,http://www.starfamilydental.com.au/,Healthdirect Service Finder,9ade7169-6eb4-e047-bc53-868dd72c97d4
NSW,Conway House Dental,,Lismore,2480,02 6621 9933,,,Healthdirect Service Finder,938a4be3-4787-9247-47e3-9c716c846c8a
NSW,Cumulus Dental,,Goonellabah,2480,02 6621 5528,,,Healthdirect Service Finder,c9030de9-00d1-3ce4-c45b-6ef7e92a092d
NSW,Sapphire Smiles Dental Care,,Goonellabah,2480,0266245494,info@sapphiresmilesdental.com.au,https://sapphiresmilesdental.com.au/,Healthdirect Service Finder,cbf6633a-f6dd-4ea5-9864-f4346a4c4c4c
NSW,Wollongbar Dental Practice,,Wollongbar,2477,02 6628 5644,reception@wollongbardental.com.au,http://www.wollongbardental.com.au/,Healthdirect Service Finder,2fc80f5c-c2c5-cdc1-3fcf-18770fafa5a3
NSW,Daley Street Dental,,Alstonville,2477,0266280783,hello@daleystreetdental.com.au,https://www.daleystreetdental.com.au/,Healthdirect Service Finder,1b92f814-2084-4d14-900c-e2f68475f8c1
NSW,Alstonville Family Dental,,Alstonville,2477,02 6628 8556,,,Healthdirect Service Finder,8a55406b-1357-9090-3cca-c3ad0b26fe4a
NSW,Maven Dental Plateau Alstonville,,Alstonville,2477,02 6628 3525,alstonville@mavendental.com.au,https://mavendental.com.au/dentists/alstonville,Healthdirect Service Finder,5ecc38f8-b646-2afa-05f1-e075008a58c2
NSW,Centre Street Dental,,Casino,2470,02 6662 8585,info@centrestreetdental.com.au,www.centrestreetdental.com.au,Healthdirect Service Finder,d580b40b-30de-9e97-8e64-17ef953a865f
NSW,Casino Dental,,Casino,2470,02 6662 1722,,http://www.casinodental.com.au/,Healthdirect Service Finder,82f7f15a-e038-bd1f-f817-c4957b169569
NSW,Dr Handran Dental Surgery,,Casino,2470,02 6662 8355,,,Healthdirect Service Finder,9b071acc-930f-0740-2e77-b659bff2b1c3
NSW,Ballina Dental Orthodontist & Family Dentist,,Ballina,2478,02 6686 4872,reception@riverstreetsmiles.com.au,www.riverstreetsmiles.com.au,Healthdirect Service Finder,27f430db-c3a2-d89d-bdf5-e52d60ee377c
NSW,Pacific Smiles Dental - Ballina,,Ballina,2478,0256462900,Ballina@pacificsmiles.com.au,https://pacificsmilesdental.com.au/locations/ballina/,Healthdirect Service Finder,4920d7a5-4d84-48d5-9a10-3a0beb464c84
NSW,Dr Geoffrey Sherlock Gleam Dental,,Ballina,2478,02 6686 6619,reception@gleamdental.com.au,,Healthdirect Service Finder,9d9fb498-2642-4f6a-a558-f6a786225128
NSW,Bytes Dental,,Ballina,2478,02 6681 6680,ballina@bytesdental.com.au,http://www.bytesdental.com.au/,Healthdirect Service Finder,f58205b2-519c-56a8-b3f1-218892585521
NSW,Bangalow Dental,,Bangalow,2479,02 6687 2766,hello@bangalowdental.com,http://bangalowdental.com/,Healthdirect Service Finder,80343afa-dc1c-8601-89de-d1a7ad5b57cf
NSW,Riverwalk Dental,,Ballina,2478,02 6686 4305,info@riverwalkdental.com.au,www.riverwalkdental.com.au,Healthdirect Service Finder,7e219a5a-f6d6-56ec-ced7-20029526f9ec
NSW,Coolongatta Dental Group - Ballina,,Ballina,2478,02 6656 4503,ballinacdg@gmail.com,https://coolangattadental.com.au/,Healthdirect Service Finder,5e122fb8-b60d-4a33-ac6a-8b124db0d1da
NSW,Ballina Dental Group,,Ballina,2478,02 6686 4503,reception@ballinadentalgroup.com.au,www.coolangattadentalgroup.com.au,Healthdirect Service Finder,703780c6-588a-bb37-d703-ea5f8b4b2c50
NSW,Ballina Coast Dental,,Ballina,2478,02 6686 3810,reception@ballinacoastdental.com.au,https://ballinacoastdental.com.au/,Healthdirect Service Finder,5e17f408-8d03-0dea-953a-9345da434b3f
NSW,Dental at Lennox,,Lennox Head,2478,02 6687 7204,,http://www.dentalatlennox.com.au,Healthdirect Service Finder,944ae4b9-4d64-66ff-a8e4-d4497c01cb37
NSW,Lennox Point Dental,,Lennox Head,2478,02 6687 6545,,http://lennoxpointdental.com.au,Healthdirect Service Finder,61ddfd53-d68e-7e70-a50c-80240504b9bf
NSW,Dr Richard Malawkin's Dental Surgery,,Kyogle,2474,02 6632 1598,rmalawkin@bigpond.com,,Healthdirect Service Finder,0fd9c526-ebc8-c790-c587-82ca929451fb
